{
  "timestamp": "20251113_214919",
  "phase": "1B",
  "baselines": {
    "random": {
      "mean": 2532.64990234375,
      "std": 1248.015380859375,
      "min": 597.0,
      "max": 5734.0
    },
    "hardcoded": {
      "mean": 3775.60009765625,
      "std": 1957.9703369140625,
      "min": 1546.0,
      "max": 7500.0
    },
    "phase1a_wrapper": {
      "mean": 2874.60009765625,
      "std": 1828.2633056640625,
      "min": 1066.0,
      "max": 7500.0
    }
  },
  "agent": {
    "mean": 3590.35009765625,
    "std": 2004.140869140625,
    "min": -10.0,
    "max": 7500.0,
    "mean_length": 2.9,
    "mean_subdomains": 11.421052631578947,
    "mean_endpoints": 8.368421052631579,
    "mean_ports": 3.1578947368421053,
    "mean_services": 1.3157894736842106,
    "nmap_usage_rate": 0.631578947368421
  },
  "success": 