{
  "agent": "random",
  "runs": 100,
  "scenarios_file": "../data/phase1b_train.json",
  "mean": 2967.94,
  "std": 2148.2711831610086,
  "min": 352.0,
  "max": 8611.0,
  "median": 2187.5,
  "ci_95_lower": 2546.878848100442,
  "ci_95_upper": 3389.001151899558,
  "mean_length": 3.0,
  "nmap_usage_pct": 79.0,
  "all_rewards": [
    2268.0,
    1373.0,
    2750.0,
    2093.0,
    1308.0,
    744.0,
    1938.0,
    4893.0,
    2251.0,
    3008.0,
    1623.0,
    2650.0,
    352.0,
    2874.0,
    6358.0,
    1528.0,
    1978.0,
    5223.0,
    2760.0,
    7193.0,
    6355.0,
    8095.0,
    735.0,
    1216.0,
    2049.0,
    1589.0,
    2374.0,
    2889.0,
    2422.0,
    7285.0,
    1564.0,
    7106.0,
    6681.0,
    2232.0,
    2164.0,
    1395.0,
    2023.0,
    1715.0,
    2160.0,
    8611.0,
    1242.0,
    5058.0,
    2211.0,
    1890.0,
    3123.0,
    5761.0,
    2384.0,
    666.0,
    509.0,
    1170.0,
    8354.0,
    2888.0,
    1829.0,
    1396.0,
    2844.0,
    2268.0,
    2330.0,
    1482.0,
    754.0,
    7150.0,
    1535.0,
    2478.0,
    7285.0,
    1593.0,
    6380.0,
    7139.0,
    1342.0,
    2888.0,
    1048.0,
    5438.0,
    3207.0,
    2415.0,
    5744.0,
    2164.0,
    1546.0,
    4692.0,
    1892.0,
    1029.0,
    2275.0,
    1476.0,
    7588.0,
    1394.0,
    2866.0,
    2286.0,
    371.0,
    1711.0,
    5916.0,
    1724.0,
    5513.0,
    1541.0,
    2164.0,
    1176.0,
    1563.0,
    6631.0,
    1246.0,
    1276.0,
    1898.0,
    2121.0,
    858.0,
    2251.0
  ]
}