{
  "agent": "hardcoded",
  "runs": 100,
  "scenarios_file": "../data/phase1b_train.json",
  "mean": 4045.27,
  "std": 2282.645810698629,
  "min": 1506.0,
  "max": 8673.0,
  "median": 2933.0,
  "ci_95_lower": 3597.8714211030688,
  "ci_95_upper": 4492.668578896932,
  "mean_length": 3.0,
  "nmap_usage_pct": 100.0,
  "all_rewards": [
    3944.0,
    2347.0,
    2067.0,
    7048.0,
    7193.0,
    2067.0,
    3745.0,
    1506.0,
    2164.0,
    7288.0,
    1506.0,
    8673.0,
    2408.0,
    2718.0,
    2858.0,
    2718.0,
    7048.0,
    2325.0,
    1823.0,
    8613.0,
    2778.0,
    8673.0,
    3884.0,
    7048.0,
    2164.0,
    3483.0,
    2067.0,
    2164.0,
    3944.0,
    1506.0,
    2778.0,
    2164.0,
    2408.0,
    3944.0,
    2408.0,
    8673.0,
    7285.0,
    2778.0,
    2752.0,
    2778.0,
    3008.0,
    7193.0,
    3008.0,
    2718.0,
    2778.0,
    2778.0,
    2408.0,
    8673.0,
    3008.0,
    2347.0,
    7228.0,
    2325.0,
    1506.0,
    3483.0,
    7048.0,
    7193.0,
    2347.0,
    2752.0,
    7285.0,
    7193.0,
    3008.0,
    8673.0,
    7288.0,
    2858.0,
    2752.0,
    2858.0,
    1823.0,
    7048.0,
    7193.0,
    3944.0,
    3483.0,
    3745.0,
    2325.0,
    7048.0,
    3483.0,
    1506.0,
    2347.0,
    3944.0,
    8673.0,
    2778.0,
    3745.0,
    2408.0,
    2408.0,
    3483.0,
    3884.0,
    7193.0,
    2408.0,
    3483.0,
    1823.0,
    2408.0,
    8673.0,
    3023.0,
    1506.0,
    2752.0,
    7285.0,
    1823.0,
    2347.0,
    3944.0,
    3944.0,
    7193.0
  ]
}